{
  "sepal_length": {
    "min": 4.3,
    "max": 7.9,
    "mean": 5.843333333333334,
    "median": 5.8,
    "std": 0.8280661279778629
  },
  "sepal_width": {
    "min": 2.0,
    "max": 4.4,
    "mean": 3.0540000000000003,
    "median": 3.0,
    "std": 0.4335943113621737
  },
  "petal_length": {
    "min": 1.0,
    "max": 6.9,
    "mean": 3.758666666666666,
    "median": 4.35,
    "std": 1.7644204199522617
  },
  "petal_width": {
    "min": 0.1,
    "max": 2.5,
    "mean": 1.1986666666666668,
    "median": 1.3,
    "std": 0.7631607417008414
  }
}